name,dni
Diego SMITH,1
Neville JOHNSON,2
Mel WILLIAMS,3
Quintin BROWN,4
Myles JONES,5
Raphael MILLER,6
Antwan DAVIS,7
Troy GARCIA,8
Dudley RODRIGUEZ,9
Chang WILSON,10
Danny MARTINEZ,11
Sonny ANDERSON,12
Wilson TAYLOR,13
Hal THOMAS,14
Bennie HERNANDEZ,15
Porfirio MOORE,16
Fabian MARTIN,17
Isaac JACKSON,18
Brenton THOMPSON,19
Aron WHITE,20
Deangelo LOPEZ,21
Pasquale LEE,22
Norberto GONZALEZ,23
Arron HARRIS,24
Lauren CLARK,25
Dwain LEWIS,26
Kris ROBINSON,27
Tomas WALKER,28
Darryl PEREZ,29
Dion HALL,30
Dane YOUNG,31
Herb ALLEN,32
Mason SANCHEZ,33
Joseph WRIGHT,34
Raymundo KING,35
Felix SCOTT,36
Damian GREEN,37
Geraldo BAKER,38
Jean ADAMS,39
Tim NELSON,40
Hollis HILL,41
Antione RAMIREZ,42
Doug CAMPBELL,43
Raleigh MITCHELL,44
Lenny ROBERTS,45
Johnnie CARTER,46
Landon PHILLIPS,47
Reyes EVANS,48
Dorsey TURNER,49
Andrew TORRES,50
Vernice PARKER,51
Tianna COLLINS,52
Ramonita EDWARDS,53
Elodia STEWART,54
Aurora FLORES,55
Kristin MORRIS,56
Birgit NGUYEN,57
Milagros MURPHY,58
Charissa RIVERA,59
Johanne COOK,60
Mona ROGERS,61
Emerald MORGAN,62
Vita PETERSON,63
Evangeline COOPER,64
Johnna REED,65
Elfreda BAILEY,66
Doreatha BELL,67
Kenya GOMEZ,68
Monserrate KELLY,69
Lauran HOWARD,70
Nicolle WARD,71
Halley COX,72
Summer DIAZ,73
Mazie RICHARDSON,74
Oretha WOOD,75
Christie WATSON,76
Imelda BROOKS,77
Genoveva BENNETT,78
Queen GRAY,79
Annika JAMES,80
Karen REYES,81
Winnie CRUZ,82
Silva HUGHES,83
Trena PRICE,84
Wendolyn MYERS,85
Manda LONG,86
Temika FOSTER,87
Kylie SANDERS,88
Amada ROSS,89
Brianna MORALES,90
Cathleen POWELL,91
Cheyenne SULLIVAN,92
Ciara RUSSELL,93
Gilberte ORTIZ,94
Karlyn JENKINS,95
Nancee GUTIERREZ,96
Rona PERRY,97
Maragaret BUTLER,98
Lesia GAVIRIA,99
Jacquie MUNOZ,100
